챔피언,전체승률,분석판수,승률1위_조합,승률1위_WR,승률1위_판수,승률2위_조합,승률2위_WR,승률2위_판수,승률3위_조합,승률3위_WR,승률3위_판수,판수1위_조합,판수1위_WR,판수1위_판수,판수2위_조합,판수2위_WR,판수2위_판수,판수3위_조합,판수3위_WR,판수3위_판수
자헨,58.8%,97,갈라진 하늘 + 쇼진의 창,61.9%,42,-,-,-,-,-,-,갈라진 하늘 + 쇼진의 창,61.9%,42,-,-,-,-,-,-
올라프,57.8%,282,발걸음 분쇄기 + 갈라진 하늘,69.2%,26,발걸음 분쇄기 + 죽음의 무도,68.4%,19,실험적 마공학판 + 발걸음 분쇄기,67.6%,37,발걸음 분쇄기 + 실험적 마공학판,56.2%,48,실험적 마공학판 + 발걸음 분쇄기,67.6%,37,발걸음 분쇄기 + 갈라진 하늘,69.2%,26
잔나,57.7%,821,구원 + 불타는 향로,73.3%,15,대천사의 포옹 + 제국의 명령,70.0%,10,월석 재생기 + 구원,69.8%,63,제국의 명령 + 대천사의 포옹,58.4%,101,월석 재생기 + 구원,69.8%,63,제국의 명령 + 구원,49.1%,53
리산드라,57.4%,784,존야의 모래시계 + 루덴의 메아리,80.0%,10,영겁의 지팡이 + 존야의 모래시계,76.2%,21,영겁의 지팡이 + 악의,69.2%,13,악의 + 존야의 모래시계,56.2%,185,존야의 모래시계 + 악의,61.3%,93,존야의 모래시계 + 그림자불꽃,44.4%,45
닐라,57.1%,347,무한의 대검 + 징수의 총,63.6%,11,징수의 총 + 무한의 대검,58.4%,125,징수의 총 + 불멸의 철갑궁,53.3%,30,징수의 총 + 무한의 대검,58.4%,125,징수의 총 + 불멸의 철갑궁,53.3%,30,징수의 총 + 나보리 명멸검,50.0%,30
노틸러스,56.3%,1009,강철심장 + 혹한의 손길,80.0%,10,강철심장 + 란두인의 예언,78.6%,14,종말의 겨울 + 워모그의 갑옷,65.2%,23,강철심장 + 종말의 겨울,54.5%,233,종말의 겨울 + 강철심장,57.1%,91,강철심장 + 끝없는 절망,54.7%,64
사이온,55.8%,730,강철심장 + 종말의 겨울,83.3%,12,거대한 히드라 + 강철심장,70.0%,10,강철심장 + 거대한 히드라,64.7%,34,강철심장 + 끝없는 절망,62.8%,191,강철심장 + 워모그의 갑옷,54.8%,62,강철심장 + 가시 갑옷,55.0%,40
브라움,55.4%,663,강철심장 + 워모그의 갑옷,78.3%,23,종말의 겨울 + 해신 작쇼,75.0%,12,강철의 솔라리 펜던트 + 종말의 겨울,70.8%,24,강철심장 + 종말의 겨울,55.9%,127,종말의 겨울 + 끝없는 절망,53.6%,56,종말의 겨울 + 강철심장,55.0%,40
오른,55.2%,625,워모그의 갑옷 + 끝없는 절망,90.0%,10,강철심장 + 공허한 광휘,70.0%,10,강철심장 + 워모그의 갑옷,69.4%,49,강철심장 + 끝없는 절망,49.6%,121,강철심장 + 워모그의 갑옷,69.4%,49,강철심장 + 종말의 겨울,54.3%,46
스카너,55.0%,438,종말의 겨울 + 끝없는 절망,72.7%,33,끝없는 절망 + 종말의 겨울,61.5%,13,강철심장 + 종말의 겨울,56.0%,134,강철심장 + 종말의 겨울,56.0%,134,종말의 겨울 + 강철심장,53.1%,49,종말의 겨울 + 끝없는 절망,72.7%,33
렉사이,54.9%,288,강철심장 + 끝없는 절망,53.0%,66,끝없는 절망 + 강철심장,41.7%,12,강철심장 + 정령의 형상,41.7%,12,강철심장 + 끝없는 절망,53.0%,66,끝없는 절망 + 강철심장,41.7%,12,강철심장 + 정령의 형상,41.7%,12
나미,54.9%,728,구원 + 월석 재생기,81.8%,22,제국의 명령 + 불타는 향로,75.0%,24,제국의 명령 + 미카엘의 축복,72.2%,18,제국의 명령 + 대천사의 포옹,51.1%,88,제국의 명령 + 구원,52.5%,59,제국의 명령 + 월석 재생기,59.6%,57
판테온,54.8%,1055,칠흑의 양날 도끼 + 갈라진 하늘,71.4%,14,갈라진 하늘 + 칠흑의 양날 도끼,69.2%,39,월식 + 칠흑의 양날 도끼,64.3%,14,월식 + 갈라진 하늘,57.6%,304,갈라진 하늘 + 월식,50.0%,96,갈라진 하늘 + 쇼진의 창,48.8%,41
리븐,54.5%,589,갈라진 하늘 + 죽음의 무도,73.7%,19,갈라진 하늘 + 월식,63.8%,58,월식 + 쇼진의 창,56.4%,39,월식 + 갈라진 하늘,53.2%,188,갈라진 하늘 + 월식,63.8%,58,월식 + 쇼진의 창,56.4%,39
오공,54.4%,840,죽음의 무도 + 칠흑의 양날 도끼,100.0%,11,월식 + 갈라진 하늘,69.2%,26,갈라진 하늘 + 칠흑의 양날 도끼,64.4%,59,갈라진 하늘 + 삼위일체,55.8%,260,삼위일체 + 갈라진 하늘,58.7%,104,갈라진 하늘 + 칠흑의 양날 도끼,64.4%,59
알리스타,54.2%,912,란두인의 예언 + 종말의 겨울,90.0%,10,종말의 겨울 + 란두인의 예언,72.7%,11,워모그의 갑옷 + 종말의 겨울,66.7%,15,강철심장 + 종말의 겨울,53.2%,156,종말의 겨울 + 끝없는 절망,52.4%,63,종말의 겨울 + 강철심장,58.3%,60
이렐리아,54.2%,904,스테락의 도전 + 몰락한 왕의 검,80.0%,10,죽음의 무도 + 마법사의 최후,72.7%,11,갈라진 하늘 + 마법사의 최후,66.7%,12,몰락한 왕의 검 + 갈라진 하늘,51.7%,242,몰락한 왕의 검 + 마법사의 최후,51.0%,151,몰락한 왕의 검 + 죽음의 무도,53.6%,69
라이즈,54.1%,1024,대천사의 포옹 + 영겁의 지팡이,63.3%,226,대천사의 포옹 + 존야의 모래시계,61.5%,13,영겁의 지팡이 + 대천사의 포옹,54.9%,415,영겁의 지팡이 + 대천사의 포옹,54.9%,415,대천사의 포옹 + 영겁의 지팡이,63.3%,226,영겁의 지팡이 + 우주의 추진력,53.8%,26
나서스,53.8%,390,삼위일체 + 갈라진 하늘,71.4%,14,얼어붙은 건틀릿 + 얼어붙은 심장,70.0%,10,삼위일체 + 란두인의 예언,69.2%,13,삼위일체 + 얼어붙은 심장,50.0%,68,삼위일체 + 정령의 형상,61.7%,47,어둠불꽃 횃불 + 리안드리의 고통,36.0%,25
소나,53.8%,638,월석 재생기 + 흐르는 물의 지팡이,64.3%,14,대천사의 포옹 + 리치베인,60.0%,10,월석 재생기 + 불타는 향로,58.8%,34,월석 재생기 + 대천사의 포옹,51.8%,139,월석 재생기 + 구원,58.1%,62,대천사의 포옹 + 월석 재생기,48.6%,35
쉬바나,53.7%,309,폭풍 쇄도 + 지평선의 초점,66.7%,12,폭풍 쇄도 + 그림자불꽃,60.7%,61,폭풍 쇄도 + 리안드리의 고통,60.0%,10,폭풍 쇄도 + 그림자불꽃,60.7%,61,리안드리의 고통 + 폭풍 쇄도,56.2%,16,리안드리의 고통 + 쇼진의 창,50.0%,12
코그모,53.4%,1140,루난의 허리케인 + 몰락한 왕의 검,75.0%,12,리안드리의 고통 + 악의,70.0%,10,루덴의 메아리 + 대천사의 포옹,67.9%,28,몰락한 왕의 검 + 구인수의 격노검,43.9%,271,악의 + 대천사의 포옹,52.5%,101,대천사의 포옹 + 악의,54.2%,72
트위치,53.2%,1201,무한의 대검 + 몰락한 왕의 검,76.5%,17,무한의 대검 + 징수의 총,72.2%,18,도미닉 경의 인사 + 무한의 대검,70.6%,17,윤 탈 야생화살 + 루난의 허리케인,52.2%,251,몰락한 왕의 검 + 루난의 허리케인,55.2%,163,윤 탈 야생화살 + 무한의 대검,56.3%,71
마오카이,53.1%,988,종말의 겨울 + 가시 갑옷,80.0%,10,정령의 형상 + 종말의 겨울,70.6%,17,끝없는 절망 + 종말의 겨울,69.4%,49,강철심장 + 종말의 겨울,53.0%,183,종말의 겨울 + 강철심장,57.7%,97,종말의 겨울 + 끝없는 절망,57.1%,70
뽀삐,53.1%,693,란두인의 예언 + 종말의 겨울,72.7%,11,강철심장 + 가시 갑옷,69.2%,13,종말의 겨울 + 갈라진 하늘,66.7%,12,강철심장 + 종말의 겨울,53.3%,167,종말의 겨울 + 강철심장,64.7%,68,종말의 겨울 + 끝없는 절망,64.2%,53
칼리스타,53.0%,736,기회 + 징수의 총,66.7%,15,마법사의 최후 + 몰락한 왕의 검,60.0%,10,징수의 총 + 기회,58.3%,12,몰락한 왕의 검 + 구인수의 격노검,54.6%,282,몰락한 왕의 검 + 루난의 허리케인,53.5%,71,몰락한 왕의 검 + 마법사의 최후,54.5%,33
케이틀린,53.0%,1939,오만 + 원칙의 원형낫,70.0%,10,피바라기 + 무한의 대검,70.0%,10,무한의 대검 + 고속 연사포,66.7%,51,윤 탈 야생화살 + 무한의 대검,52.0%,494,징수의 총 + 무한의 대검,49.3%,272,징수의 총 + 고속 연사포,42.9%,119
자이라,52.8%,884,어둠불꽃 횃불 + 존야의 모래시계,73.7%,19,리안드리의 고통 + 모렐로노미콘,72.7%,11,리안드리의 고통 + 대천사의 포옹,72.7%,11,어둠불꽃 횃불 + 리안드리의 고통,53.4%,311,어둠불꽃 횃불 + 라일라이의 수정홀,54.3%,94,리안드리의 고통 + 어둠불꽃 횃불,51.7%,60
오리아나,52.8%,1332,그림자불꽃 + 폭풍 쇄도,90.0%,10,라바돈의 죽음모자 + 그림자불꽃,83.3%,12,대천사의 포옹 + 루덴의 메아리,71.0%,31,루덴의 메아리 + 폭풍 쇄도,52.3%,262,루덴의 메아리 + 그림자불꽃,56.8%,185,루덴의 메아리 + 라바돈의 죽음모자,50.9%,57
아크샨,52.7%,602,무한의 대검 + 징수의 총,66.7%,15,스태틱의 단검 + 크라켄 학살자,63.6%,11,스태틱의 단검 + 몰락한 왕의 검,60.9%,23,스태틱의 단검 + 징수의 총,50.0%,126,징수의 총 + 무한의 대검,53.6%,69,크라켄 학살자 + 징수의 총,48.6%,35
아이번,52.7%,431,구원 + 월석 재생기,76.0%,25,월석 재생기 + 불타는 향로,68.2%,22,미카엘의 축복 + 구원,54.5%,11,월석 재생기 + 구원,52.1%,71,악의 + 라일라이의 수정홀,41.5%,41,월석 재생기 + 대천사의 포옹,50.0%,34
벡스,52.7%,766,존야의 모래시계 + 라바돈의 죽음모자,81.8%,11,어둠불꽃 횃불 + 리안드리의 고통,71.4%,14,루덴의 메아리 + 라바돈의 죽음모자,61.5%,26,루덴의 메아리 + 폭풍 쇄도,55.6%,151,루덴의 메아리 + 그림자불꽃,53.6%,140,루덴의 메아리 + 존야의 모래시계,52.4%,105
잭스,52.6%,886,강철심장 + 삼위일체,60.0%,10,삼위일체 + 존야의 모래시계,58.2%,55,삼위일체 + 갈라진 하늘,55.9%,345,삼위일체 + 갈라진 하늘,55.9%,345,삼위일체 + 존야의 모래시계,58.2%,55,갈라진 하늘 + 삼위일체,54.7%,53
오로라,52.4%,1188,리안드리의 고통 + 악의,72.7%,11,영겁의 지팡이 + 리안드리의 고통,70.0%,20,악의 + 라바돈의 죽음모자,69.6%,23,루덴의 메아리 + 폭풍 쇄도,49.0%,145,루덴의 메아리 + 그림자불꽃,51.7%,143,악의 + 그림자불꽃,55.1%,118
갈리오,52.4%,973,강철심장 + 란두인의 예언,83.3%,12,강철심장 + 워모그의 갑옷,72.7%,11,끝없는 절망 + 종말의 겨울,68.2%,22,강철심장 + 종말의 겨울,45.6%,169,종말의 겨울 + 강철심장,49.3%,71,종말의 겨울 + 공허한 광휘,54.4%,57
그라가스,52.4%,1169,영겁의 지팡이 + 정령의 형상,63.6%,11,악의 + 폭풍 쇄도,62.5%,16,종말의 겨울 + 영겁의 지팡이,61.1%,36,루덴의 메아리 + 폭풍 쇄도,51.2%,160,루덴의 메아리 + 그림자불꽃,51.1%,90,종말의 겨울 + 강철심장,54.2%,48
베인,52.3%,1321,몰락한 왕의 검 + 해신 작쇼,90.0%,10,스태틱의 단검 + 삼위일체,76.9%,13,구인수의 격노검 + 경계,71.4%,14,몰락한 왕의 검 + 구인수의 격노검,51.8%,450,몰락한 왕의 검 + 마법사의 최후,43.4%,106,스태틱의 단검 + 몰락한 왕의 검,52.6%,38
신 짜오,52.3%,602,갈라진 하늘 + 칠흑의 양날 도끼,60.0%,25,갈라진 하늘 + 스테락의 도전,57.9%,19,월식 + 죽음의 무도,54.5%,11,갈라진 하늘 + 월식,51.2%,172,월식 + 갈라진 하늘,48.3%,60,갈라진 하늘 + 죽음의 무도,44.1%,34
세라핀,52.2%,1126,악의 + 무덤꽃,80.0%,10,월석 재생기 + 라일라이의 수정홀,69.2%,13,악의 + 구원,60.0%,15,악의 + 라일라이의 수정홀,52.6%,230,악의 + 리안드리의 고통,48.6%,107,어둠불꽃 횃불 + 리안드리의 고통,56.8%,44
볼리베어,52.2%,318,종말의 겨울 + 강철심장,80.0%,15,종말의 겨울 + 끝없는 절망,60.0%,10,강철심장 + 끝없는 절망,51.0%,102,강철심장 + 끝없는 절망,51.0%,102,종말의 겨울 + 강철심장,80.0%,15,영겁의 지팡이 + 나보리 명멸검,46.2%,13
문도 박사,52.2%,673,강철심장 + 끝없는 절망,62.5%,64,강철심장 + 거대한 히드라,60.0%,10,워모그의 갑옷 + 정령의 형상,58.8%,17,강철심장 + 워모그의 갑옷,51.1%,270,강철심장 + 끝없는 절망,62.5%,64,강철심장 + 정령의 형상,55.0%,60
애쉬,52.1%,1771,몰락한 왕의 검 + 윤 탈 야생화살,70.6%,17,몰락한 왕의 검 + 루난의 허리케인,64.8%,54,스태틱의 단검 + 몰락한 왕의 검,64.4%,73,윤 탈 야생화살 + 루난의 허리케인,54.2%,262,악의 + 원칙의 원형낫,31.6%,76,크라켄 학살자 + 유령 무희,52.1%,73
카서스,52.1%,804,어둠불꽃 횃불 + 리안드리의 고통,66.7%,84,악의 + 라일라이의 수정홀,60.0%,10,어둠불꽃 횃불 + 그림자불꽃,58.3%,24,악의 + 리안드리의 고통,51.8%,199,악의 + 그림자불꽃,47.1%,87,어둠불꽃 횃불 + 리안드리의 고통,66.7%,84
니달리,52.1%,1652,그림자불꽃 + 폭풍 쇄도,75.0%,12,루덴의 메아리 + 대천사의 포옹,70.0%,10,그림자불꽃 + 루덴의 메아리,64.7%,17,루덴의 메아리 + 폭풍 쇄도,55.4%,388,루덴의 메아리 + 그림자불꽃,54.4%,274,루덴의 메아리 + 지평선의 초점,50.0%,156
바루스,52.1%,1933,오만 + 요우무의 유령검,72.7%,11,무라마나 + 세릴다의 원한,69.2%,13,기회 + 무라마나,68.4%,19,오만 + 무라마나,51.6%,417,징수의 총 + 무라마나,46.3%,272,몰락한 왕의 검 + 구인수의 격노검,62.0%,184
엘리스,52.1%,436,그림자불꽃 + 루덴의 메아리,54.5%,11,루덴의 메아리 + 존야의 모래시계,54.2%,24,루덴의 메아리 + 폭풍 쇄도,49.5%,95,루덴의 메아리 + 폭풍 쇄도,49.5%,95,루덴의 메아리 + 그림자불꽃,48.8%,84,루덴의 메아리 + 리안드리의 고통,48.1%,27
나르,52.0%,611,삼위일체 + 란두인의 예언,73.1%,26,강철심장 + 워모그의 갑옷,71.4%,14,삼위일체 + 마법사의 최후,63.4%,41,삼위일체 + 칠흑의 양날 도끼,49.1%,169,삼위일체 + 마법사의 최후,63.4%,41,삼위일체 + 스테락의 도전,38.5%,39
베이가,51.9%,1100,루덴의 메아리 + 공허의 지팡이,71.4%,14,대천사의 포옹 + 루덴의 메아리,64.7%,17,루덴의 메아리 + 대천사의 포옹,64.7%,17,영겁의 지팡이 + 대천사의 포옹,53.7%,203,대천사의 포옹 + 영겁의 지팡이,61.4%,101,루덴의 메아리 + 그림자불꽃,41.3%,92
코르키,51.9%,1080,징수의 총 + 삼위일체,68.4%,19,무라마나 + 쇼진의 창,56.2%,16,무라마나 + 징수의 총,55.9%,34,삼위일체 + 무라마나,52.4%,382,무라마나 + 삼위일체,52.4%,185,징수의 총 + 무라마나,47.5%,61
하이머딩거,51.9%,648,존야의 모래시계 + 리안드리의 고통,68.8%,16,악의 + 존야의 모래시계,63.6%,11,어둠불꽃 횃불 + 모렐로노미콘,60.0%,15,어둠불꽃 횃불 + 리안드리의 고통,53.3%,169,어둠불꽃 횃불 + 라일라이의 수정홀,45.0%,60,리안드리의 고통 + 라일라이의 수정홀,50.0%,38
레나타 글라스크,51.9%,784,대천사의 포옹 + 구원,83.3%,12,구원 + 슈렐리아의 군가,72.7%,22,제국의 명령 + 종말의 겨울,70.0%,10,제국의 명령 + 대천사의 포옹,41.6%,77,슈렐리아의 군가 + 구원,57.4%,47,제국의 명령 + 구원,50.0%,44
트런들,51.9%,482,갈라진 하늘 + 몰락한 왕의 검,70.0%,10,삼위일체 + 갈라진 하늘,61.5%,13,갈라진 하늘 + 삼위일체,57.4%,47,갈라진 하늘 + 삼위일체,57.4%,47,종말의 겨울 + 제국의 명령,41.2%,34,제국의 명령 + 종말의 겨울,44.0%,25
그웬,51.8%,490,균열 생성기 + 우주의 추진력,60.0%,15,내셔의 이빨 + 균열 생성기,55.2%,58,균열 생성기 + 그림자불꽃,52.9%,17,균열 생성기 + 내셔의 이빨,46.4%,194,내셔의 이빨 + 균열 생성기,55.2%,58,균열 생성기 + 존야의 모래시계,43.2%,44
진,51.7%,2045,원칙의 원형낫 + 오만,80.0%,10,고속 연사포 + 무한의 대검,77.8%,18,무한의 대검 + 필멸자의 운명,70.0%,10,징수의 총 + 무한의 대검,46.1%,514,징수의 총 + 고속 연사포,50.0%,276,징수의 총 + 원칙의 원형낫,53.0%,115
카시오페아,51.7%,528,대천사의 포옹 + 라일라이의 수정홀,64.7%,17,영겁의 지팡이 + 리안드리의 고통,64.0%,25,리안드리의 고통 + 대천사의 포옹,63.6%,11,영겁의 지팡이 + 대천사의 포옹,53.9%,180,대천사의 포옹 + 영겁의 지팡이,52.9%,87,대천사의 포옹 + 리안드리의 고통,39.3%,28
말자하,51.7%,955,대천사의 포옹 + 어둠불꽃 횃불,90.0%,10,악의 + 모렐로노미콘,72.7%,11,어둠불꽃 횃불 + 대천사의 포옹,70.0%,10,어둠불꽃 횃불 + 리안드리의 고통,52.9%,310,어둠불꽃 횃불 + 라일라이의 수정홀,56.5%,85,악의 + 리안드리의 고통,47.6%,84
세트,51.6%,1032,워모그의 갑옷 + 강철심장,70.0%,10,지배자의 피갑옷 + 발걸음 분쇄기,63.8%,47,발걸음 분쇄기 + 워모그의 갑옷,63.2%,19,강철심장 + 지배자의 피갑옷,48.5%,270,발걸음 분쇄기 + 지배자의 피갑옷,60.4%,111,강철심장 + 워모그의 갑옷,58.2%,91
탈리야,51.6%,1066,루덴의 메아리 + 모렐로노미콘,66.7%,15,루덴의 메아리 + 라일라이의 수정홀,63.6%,22,리안드리의 고통 + 어둠불꽃 횃불,63.6%,11,어둠불꽃 횃불 + 리안드리의 고통,56.0%,168,루덴의 메아리 + 그림자불꽃,51.1%,139,대천사의 포옹 + 리안드리의 고통,52.5%,59
케넨,51.6%,824,존야의 모래시계 + 그림자불꽃,80.0%,10,악의 + 마법공학 로켓 벨트,66.7%,15,폭풍 쇄도 + 존야의 모래시계,64.7%,17,마법공학 로켓 벨트 + 존야의 모래시계,45.6%,193,마법공학 로켓 벨트 + 폭풍 쇄도,51.8%,112,마법공학 로켓 벨트 + 그림자불꽃,53.0%,83
럼블,51.5%,1039,리안드리의 고통 + 라바돈의 죽음모자,80.0%,10,그림자불꽃 + 악의,72.7%,11,악의 + 존야의 모래시계,63.6%,11,리안드리의 고통 + 악의,46.3%,229,악의 + 리안드리의 고통,46.9%,130,리안드리의 고통 + 그림자불꽃,48.2%,83
사미라,51.4%,1143,징수의 총 + 오만,78.6%,14,무한의 대검 + 도미닉 경의 인사,69.2%,13,피바라기 + 무한의 대검,61.5%,13,징수의 총 + 무한의 대검,50.9%,462,징수의 총 + 불멸의 철갑궁,50.7%,148,징수의 총 + 피바라기,52.5%,59
애니비아,51.4%,767,영겁의 지팡이 + 악의,62.5%,16,어둠불꽃 횃불 + 리안드리의 고통,60.0%,10,존야의 모래시계 + 대천사의 포옹,58.3%,12,영겁의 지팡이 + 대천사의 포옹,51.2%,201,대천사의 포옹 + 영겁의 지팡이,53.6%,125,영겁의 지팡이 + 리안드리의 고통,58.1%,43
초가스,51.3%,1088,종말의 겨울 + 끝없는 절망,76.5%,17,종말의 겨울 + 워모그의 갑옷,68.8%,16,워모그의 갑옷 + 강철심장,68.2%,22,강철심장 + 워모그의 갑옷,55.6%,178,강철심장 + 종말의 겨울,51.5%,101,종말의 겨울 + 강철심장,50.5%,93
아무무,51.3%,766,악의 + 리안드리의 고통,66.7%,12,끝없는 절망 + 종말의 겨울,63.6%,11,종말의 겨울 + 강철심장,60.0%,15,태양불꽃 방패 + 종말의 겨울,51.6%,161,악의 + 폭풍 쇄도,48.9%,45,종말의 겨울 + 태양불꽃 방패,51.4%,37
야스오,51.2%,1260,몰락한 왕의 검 + 윤 탈 야생화살,81.2%,16,무한의 대검 + 몰락한 왕의 검,66.7%,39,몰락한 왕의 검 + 얼어붙은 건틀릿,64.3%,14,몰락한 왕의 검 + 불멸의 철갑궁,53.0%,389,몰락한 왕의 검 + 무한의 대검,46.9%,113,윤 탈 야생화살 + 무한의 대검,58.6%,70
빅토르,51.2%,1341,어둠불꽃 횃불 + 그림자불꽃,66.7%,45,어둠불꽃 횃불 + 리치베인,64.3%,14,라바돈의 죽음모자 + 그림자불꽃,63.6%,11,어둠불꽃 횃불 + 리안드리의 고통,50.5%,218,루덴의 메아리 + 그림자불꽃,47.5%,179,루덴의 메아리 + 리치베인,48.2%,110
세나,51.2%,1536,칠흑의 양날 도끼 + 고속 연사포,66.7%,15,고속 연사포 + 스태틱의 단검,64.7%,17,무한의 대검 + 고속 연사포,58.3%,24,스태틱의 단검 + 칠흑의 양날 도끼,52.4%,292,징수의 총 + 무라마나,51.9%,206,스태틱의 단검 + 고속 연사포,49.5%,103
킨드레드,51.2%,611,몰락한 왕의 검 + 징수의 총,80.0%,10,스태틱의 단검 + 몰락한 왕의 검,57.1%,21,크라켄 학살자 + 몰락한 왕의 검,57.1%,21,윤 탈 야생화살 + 징수의 총,55.4%,112,윤 탈 야생화살 + 무한의 대검,53.2%,47,스태틱의 단검 + 징수의 총,41.2%,34
쓰레쉬,51.2%,1606,종말의 겨울 + 얼어붙은 심장,84.6%,13,강철심장 + 해신 작쇼,80.0%,10,강철심장 + 란두인의 예언,76.9%,13,강철심장 + 종말의 겨울,48.3%,329,종말의 겨울 + 강철심장,47.6%,147,종말의 겨울 + 끝없는 절망,52.3%,107
피들스틱,51.2%,879,악의 + 균열 생성기,80.0%,10,악의 + 라일라이의 수정홀,72.7%,11,존야의 모래시계 + 라일라이의 수정홀,60.0%,10,악의 + 존야의 모래시계,53.2%,188,악의 + 리안드리의 고통,52.3%,151,존야의 모래시계 + 악의,54.1%,74
자르반 4세,51.1%,1037,쇼진의 창 + 갈라진 하늘,83.3%,12,강철심장 + 끝없는 절망,58.3%,12,갈라진 하늘 + 스테락의 도전,57.1%,28,갈라진 하늘 + 월식,49.8%,217,월식 + 갈라진 하늘,55.7%,61,갈라진 하늘 + 쇼진의 창,49.2%,61
브랜드,51.1%,1283,라일라이의 수정홀 + 리안드리의 고통,72.7%,22,어둠불꽃 횃불 + 라일라이의 수정홀,58.1%,86,어둠불꽃 횃불 + 그림자불꽃,57.1%,28,어둠불꽃 횃불 + 리안드리의 고통,52.9%,429,악의 + 리안드리의 고통,50.0%,130,어둠불꽃 횃불 + 라일라이의 수정홀,58.1%,86
벨코즈,51.1%,1051,어둠불꽃 횃불 + 리안드리의 고통,60.4%,96,루덴의 메아리 + 라바돈의 죽음모자,60.0%,20,루덴의 메아리 + 그림자불꽃,56.4%,110,악의 + 리안드리의 고통,49.5%,196,루덴의 메아리 + 그림자불꽃,56.4%,110,어둠불꽃 횃불 + 리안드리의 고통,60.4%,96
렐,51.1%,570,강철심장 + 란두인의 예언,69.2%,13,강철심장 + 가시 갑옷,61.9%,21,강철심장 + 종말의 겨울,53.3%,105,강철심장 + 종말의 겨울,53.3%,105,종말의 겨울 + 끝없는 절망,38.8%,49,종말의 겨울 + 강철심장,51.6%,31
시비르,50.9%,1319,나보리 명멸검 + 윤 탈 야생화살,84.6%,13,무한의 대검 + 정수 약탈자,63.6%,11,스태틱의 단검 + 윤 탈 야생화살,60.0%,10,윤 탈 야생화살 + 나보리 명멸검,50.9%,324,윤 탈 야생화살 + 무한의 대검,53.3%,122,스태틱의 단검 + 나보리 명멸검,45.0%,120
릴리아,50.9%,666,악의 + 리안드리의 고통,80.0%,10,리안드리의 고통 + 존야의 모래시계,61.9%,21,어둠불꽃 횃불 + 존야의 모래시계,61.3%,31,어둠불꽃 횃불 + 리안드리의 고통,49.2%,187,리안드리의 고통 + 균열 생성기,45.1%,51,어둠불꽃 횃불 + 존야의 모래시계,61.3%,31
제이스,50.9%,1763,세릴다의 원한 + 무라마나,63.6%,22,오만 + 월식,61.5%,13,밤의 끝자락 + 무라마나,61.5%,13,오만 + 무라마나,49.8%,566,무라마나 + 오만,55.3%,217,징수의 총 + 무라마나,46.9%,175
일라오이,50.9%,397,갈라진 하늘 + 스테락의 도전,62.5%,16,갈라진 하늘 + 정령의 형상,60.0%,35,갈라진 하늘 + 칠흑의 양날 도끼,60.0%,15,갈라진 하늘 + 얼어붙은 건틀릿,48.2%,114,갈라진 하늘 + 정령의 형상,60.0%,35,강철심장 + 갈라진 하늘,41.2%,17
아펠리오스,50.9%,1101,루난의 허리케인 + 무한의 대검,90.9%,11,징수의 총 + 도미닉 경의 인사,60.0%,15,무한의 대검 + 루난의 허리케인,60.0%,15,징수의 총 + 무한의 대검,53.7%,339,윤 탈 야생화살 + 무한의 대검,51.5%,99,징수의 총 + 루난의 허리케인,42.1%,76
라칸,50.9%,631,강철의 솔라리 펜던트 + 구원,71.4%,14,끝없는 절망 + 종말의 겨울,66.7%,12,종말의 겨울 + 강철의 솔라리 펜던트,62.9%,35,강철심장 + 종말의 겨울,45.7%,94,종말의 겨울 + 강철심장,51.3%,39,종말의 겨울 + 강철의 솔라리 펜던트,62.9%,35
밀리오,50.9%,634,슈렐리아의 군가 + 구원,75.0%,12,월석 재생기 + 대천사의 포옹,61.1%,72,월석 재생기 + 미카엘의 축복,60.0%,20,월석 재생기 + 구원,54.7%,86,월석 재생기 + 대천사의 포옹,61.1%,72,월석 재생기 + 불타는 향로,51.1%,47
모르가나,50.8%,1554,악의 + 리안드리의 고통,70.0%,10,라일라이의 수정홀 + 리안드리의 고통,64.7%,17,리안드리의 고통 + 그림자불꽃,60.0%,10,어둠불꽃 횃불 + 리안드리의 고통,56.6%,327,어둠불꽃 횃불 + 존야의 모래시계,49.2%,193,존야의 모래시계 + 리안드리의 고통,52.8%,106
크산테,50.8%,771,해신 작쇼 + 끝없는 절망,75.0%,12,얼어붙은 건틀릿 + 란두인의 예언,70.6%,34,끝없는 절망 + 얼어붙은 건틀릿,70.6%,17,얼어붙은 건틀릿 + 끝없는 절망,44.7%,141,강철심장 + 얼어붙은 건틀릿,43.6%,55,강철심장 + 끝없는 절망,52.6%,38
피오라,50.8%,378,삼위일체 + 굶주린 히드라,68.7%,67,발걸음 분쇄기 + 갈라진 하늘,63.6%,11,굶주린 히드라 + 갈라진 하늘,50.0%,18,굶주린 히드라 + 삼위일체,46.7%,92,삼위일체 + 굶주린 히드라,68.7%,67,삼위일체 + 갈라진 하늘,44.8%,29
우르곳,50.6%,314,거대한 히드라 + 강철심장,55.6%,45,거대한 히드라 + 칠흑의 양날 도끼,53.8%,26,강철심장 + 칠흑의 양날 도끼,50.0%,18,강철심장 + 거대한 히드라,43.5%,62,거대한 히드라 + 강철심장,55.6%,45,거대한 히드라 + 칠흑의 양날 도끼,53.8%,26
레오나,50.6%,642,종말의 겨울 + 강철심장,60.5%,43,강철심장 + 란두인의 예언,60.0%,10,종말의 겨울 + 워모그의 갑옷,60.0%,10,강철심장 + 종말의 겨울,53.3%,120,강철심장 + 끝없는 절망,44.0%,84,종말의 겨울 + 끝없는 절망,58.1%,43
사일러스,50.6%,1595,균열 생성기 + 영겁의 지팡이,72.0%,25,리안드리의 고통 + 균열 생성기,70.0%,10,우주의 추진력 + 균열 생성기,66.7%,18,영겁의 지팡이 + 균열 생성기,53.7%,285,영겁의 지팡이 + 존야의 모래시계,53.5%,129,마법공학 로켓 벨트 + 존야의 모래시계,39.8%,88
케일,50.6%,741,크라켄 학살자 + 구인수의 격노검,60.0%,25,몰락한 왕의 검 + 마법사의 최후,59.5%,37,내셔의 이빨 + 마법사의 최후,56.2%,16,내셔의 이빨 + 구인수의 격노검,49.0%,143,몰락한 왕의 검 + 구인수의 격노검,52.0%,127,몰락한 왕의 검 + 마법사의 최후,59.5%,37
징크스,50.4%,1948,오만 + 원칙의 원형낫,72.7%,11,윤 탈 야생화살 + 필멸자의 운명,71.4%,14,무라마나 + 징수의 총,71.4%,14,윤 탈 야생화살 + 루난의 허리케인,51.7%,513,윤 탈 야생화살 + 무한의 대검,57.0%,256,크라켄 학살자 + 무한의 대검,44.4%,63
세주아니,50.4%,385,강철심장 + 가시 갑옷,63.6%,11,강철심장 + 워모그의 갑옷,51.9%,27,강철심장 + 종말의 겨울,50.6%,85,강철심장 + 종말의 겨울,50.6%,85,강철심장 + 끝없는 절망,48.6%,37,종말의 겨울 + 강철심장,50.0%,28
트위스티드 페이트,50.4%,1341,어둠불꽃 횃불 + 리안드리의 고통,72.4%,29,영겁의 지팡이 + 리치베인,71.1%,38,존야의 모래시계 + 고속 연사포,68.4%,19,루덴의 메아리 + 고속 연사포,53.0%,270,루덴의 메아리 + 리치베인,53.5%,155,영겁의 지팡이 + 고속 연사포,49.1%,55
카밀,50.4%,536,삼위일체 + 굶주린 히드라,61.9%,42,굶주린 히드라 + 죽음의 무도,58.3%,12,삼위일체 + 죽음의 무도,54.2%,48,삼위일체 + 갈라진 하늘,48.9%,178,삼위일체 + 죽음의 무도,54.2%,48,삼위일체 + 굶주린 히드라,61.9%,42
워윅,50.4%,226,발걸음 분쇄기 + 몰락한 왕의 검,76.9%,13,갈라진 하늘 + 정령의 형상,50.0%,10,갈라진 하늘 + 몰락한 왕의 검,46.5%,43,갈라진 하늘 + 몰락한 왕의 검,46.5%,43,발걸음 분쇄기 + 몰락한 왕의 검,76.9%,13,갈라진 하늘 + 정령의 형상,50.0%,10
멜,50.3%,1363,어둠불꽃 횃불 + 공허의 지팡이,85.7%,14,대천사의 포옹 + 어둠불꽃 횃불,65.0%,20,어둠불꽃 횃불 + 우주의 추진력,63.6%,11,루덴의 메아리 + 리안드리의 고통,51.8%,247,루덴의 메아리 + 그림자불꽃,52.6%,190,어둠불꽃 횃불 + 리안드리의 고통,57.3%,171
모데카이저,50.3%,756,리안드리의 고통 + 균열 생성기,72.4%,29,라일라이의 수정홀 + 리안드리의 고통,71.4%,21,라일라이의 수정홀 + 균열 생성기,58.8%,51,균열 생성기 + 라일라이의 수정홀,53.5%,217,라일라이의 수정홀 + 균열 생성기,58.8%,51,균열 생성기 + 리안드리의 고통,44.7%,38
룰루,50.3%,1143,미카엘의 축복 + 월석 재생기,75.0%,16,슈렐리아의 군가 + 강철의 솔라리 펜던트,75.0%,12,대천사의 포옹 + 슈렐리아의 군가,72.7%,11,월석 재생기 + 구원,49.3%,144,월석 재생기 + 대천사의 포옹,47.4%,97,월석 재생기 + 불타는 향로,54.5%,66
자크,50.1%,670,강철심장 + 태양불꽃 방패,61.9%,21,강철심장 + 가시 갑옷,58.3%,24,강철심장 + 정령의 형상,54.7%,75,강철심장 + 끝없는 절망,45.7%,127,강철심장 + 정령의 형상,54.7%,75,강철심장 + 워모그의 갑옷,44.4%,36
애니,50.1%,740,악의 + 모렐로노미콘,72.7%,11,루덴의 메아리 + 그림자불꽃,66.7%,12,악의 + 존야의 모래시계,60.5%,43,악의 + 폭풍 쇄도,55.6%,133,악의 + 리안드리의 고통,53.8%,119,악의 + 그림자불꽃,43.4%,76
우디르,50.0%,432,악의 + 라일라이의 수정홀,76.5%,17,리안드리의 고통 + 그림자불꽃,66.7%,24,종말의 겨울 + 리안드리의 고통,63.6%,33,악의 + 리안드리의 고통,36.8%,57,종말의 겨울 + 리안드리의 고통,63.6%,33,리안드리의 고통 + 종말의 겨울,40.7%,27
쉔,50.0%,766,란두인의 예언 + 강철심장,72.7%,11,끝없는 절망 + 강철심장,69.2%,13,워모그의 갑옷 + 강철심장,66.7%,12,강철심장 + 끝없는 절망,51.9%,206,강철심장 + 가시 갑옷,50.0%,66,강철심장 + 워모그의 갑옷,54.5%,66
탈론,50.0%,490,불경한 히드라 + 원칙의 원형낫,75.0%,12,월식 + 칠흑의 양날 도끼,60.0%,10,오만 + 징수의 총,57.1%,42,오만 + 원칙의 원형낫,55.2%,67,오만 + 징수의 총,57.1%,42,징수의 총 + 원칙의 원형낫,21.7%,23
자야,49.9%,1392,스태틱의 단검 + 무한의 대검,81.8%,11,스태틱의 단검 + 나보리 명멸검,65.0%,40,윤 탈 야생화살 + 헤르메스의 시미터,64.7%,17,윤 탈 야생화살 + 나보리 명멸검,47.6%,452,윤 탈 야생화살 + 무한의 대검,55.1%,138,정수 약탈자 + 나보리 명멸검,55.1%,78
소라카,49.9%,796,영겁의 지팡이 + 구원,88.2%,17,구원 + 월석 재생기,57.9%,38,월석 재생기 + 워모그의 갑옷,54.2%,83,월석 재생기 + 종말의 겨울,47.7%,153,월석 재생기 + 워모그의 갑옷,54.2%,83,월석 재생기 + 구원,47.4%,78
탐 켄치,49.9%,697,강철심장 + 정령의 형상,59.3%,27,끝없는 절망 + 강철심장,53.3%,15,강철심장 + 종말의 겨울,53.2%,62,강철심장 + 끝없는 절망,51.1%,188,강철심장 + 워모그의 갑옷,52.3%,65,강철심장 + 종말의 겨울,53.2%,62
이즈리얼,49.8%,2087,정수 약탈자 + 무라마나,66.7%,21,쇼진의 창 + 무라마나,61.5%,26,굶주린 히드라 + 무라마나,61.5%,13,삼위일체 + 무라마나,52.2%,1026,무라마나 + 삼위일체,50.8%,423,삼위일체 + 쇼진의 창,48.5%,33
럭스,49.8%,1497,악의 + 리안드리의 고통,80.0%,10,어둠불꽃 횃불 + 리안드리의 고통,79.2%,24,악의 + 존야의 모래시계,63.6%,11,루덴의 메아리 + 폭풍 쇄도,50.6%,334,루덴의 메아리 + 그림자불꽃,49.5%,216,루덴의 메아리 + 지평선의 초점,48.9%,90
블라디미르,49.8%,814,리안드리의 고통 + 우주의 추진력,68.8%,16,마법공학 로켓 벨트 + 라바돈의 죽음모자,66.7%,15,리안드리의 고통 + 균열 생성기,58.1%,31,균열 생성기 + 우주의 추진력,44.4%,151,균열 생성기 + 리안드리의 고통,56.5%,69,우주의 추진력 + 균열 생성기,56.8%,44
브라이어,49.8%,249,강철심장 + 갈라진 하늘,72.7%,11,갈라진 하늘 + 죽음의 무도,50.0%,20,월식 + 갈라진 하늘,50.0%,16,갈라진 하늘 + 월식,44.4%,54,갈라진 하늘 + 죽음의 무도,50.0%,20,월식 + 갈라진 하늘,50.0%,16
헤카림,49.8%,265,쇼진의 창 + 무라마나,63.6%,11,무라마나 + 갈라진 하늘,60.0%,15,무라마나 + 월식,50.0%,46,무라마나 + 월식,50.0%,46,무라마나 + 쇼진의 창,40.5%,42,무라마나 + 갈라진 하늘,60.0%,15
제라스,49.6%,1684,라바돈의 죽음모자 + 루덴의 메아리,71.4%,14,라바돈의 죽음모자 + 그림자불꽃,69.6%,23,어둠불꽃 횃불 + 지평선의 초점,61.9%,21,루덴의 메아리 + 지평선의 초점,49.7%,491,루덴의 메아리 + 그림자불꽃,47.6%,252,루덴의 메아리 + 라바돈의 죽음모자,52.6%,97
비에고,49.5%,1179,몰락한 왕의 검 + 죽음의 무도,70.0%,10,갈라진 하늘 + 죽음의 무도,60.9%,46,크라켄 학살자 + 갈라진 하늘,60.0%,20,갈라진 하늘 + 몰락한 왕의 검,45.5%,244,삼위일체 + 징수의 총,51.0%,147,삼위일체 + 갈라진 하늘,51.2%,80
트린다미어,49.5%,388,몰락한 왕의 검 + 나보리 명멸검,71.4%,14,강철심장 + 거대한 히드라,68.8%,16,강철심장 + 나보리 명멸검,58.8%,17,강철심장 + 몰락한 왕의 검,47.1%,70,강철심장 + 나보리 명멸검,58.8%,17,강철심장 + 거대한 히드라,68.8%,16
흐웨이,49.4%,1179,존야의 모래시계 + 어둠불꽃 횃불,70.0%,10,리안드리의 고통 + 어둠불꽃 횃불,60.6%,33,대천사의 포옹 + 리안드리의 고통,58.1%,43,어둠불꽃 횃불 + 리안드리의 고통,51.1%,370,어둠불꽃 횃불 + 그림자불꽃,43.5%,69,루덴의 메아리 + 그림자불꽃,34.7%,49
신지드,49.4%,557,종말의 겨울 + 리안드리의 고통,60.0%,10,종말의 겨울 + 라일라이의 수정홀,54.5%,33,라일라이의 수정홀 + 리안드리의 고통,53.8%,13,영겁의 지팡이 + 라일라이의 수정홀,51.0%,157,영겁의 지팡이 + 리안드리의 고통,48.1%,54,리안드리의 고통 + 라일라이의 수정홀,50.0%,36
람머스,49.4%,330,해신 작쇼 + 가시 갑옷,58.3%,12,가시 갑옷 + 끝없는 절망,55.2%,58,강철심장 + 가시 갑옷,50.0%,14,가시 갑옷 + 끝없는 절망,55.2%,58,가시 갑옷 + 해신 작쇼,47.2%,53,가시 갑옷 + 태양불꽃 방패,47.6%,21
블리츠크랭크,49.3%,1809,강철의 솔라리 펜던트 + 종말의 겨울,73.3%,15,워모그의 갑옷 + 종말의 겨울,67.5%,40,악의 + 종말의 겨울,66.7%,12,강철심장 + 종말의 겨울,47.8%,205,종말의 겨울 + 워모그의 갑옷,51.9%,187,악의 + 폭풍 쇄도,45.7%,173
직스,49.3%,1224,어둠불꽃 횃불 + 그림자불꽃,65.6%,32,리안드리의 고통 + 루덴의 메아리,64.3%,14,라바돈의 죽음모자 + 리안드리의 고통,63.6%,11,어둠불꽃 횃불 + 리안드리의 고통,53.7%,259,루덴의 메아리 + 리안드리의 고통,49.6%,127,루덴의 메아리 + 그림자불꽃,51.3%,115
샤코,49.3%,1111,라바돈의 죽음모자 + 그림자불꽃,63.6%,11,악의 + 어둠불꽃 횃불,61.5%,26,악의 + 루덴의 메아리,60.0%,15,어둠불꽃 횃불 + 리안드리의 고통,52.0%,179,루덴의 메아리 + 리안드리의 고통,56.2%,130,악의 + 리안드리의 고통,41.0%,83
다이애나,49.3%,754,존야의 모래시계 + 폭풍 쇄도,75.0%,12,마법공학 로켓 벨트 + 그림자불꽃,64.7%,17,리안드리의 고통 + 존야의 모래시계,62.5%,16,마법공학 로켓 벨트 + 존야의 모래시계,38.6%,83,리안드리의 고통 + 균열 생성기,57.6%,66,마법공학 로켓 벨트 + 폭풍 쇄도,42.1%,38
클레드,49.3%,142,거대한 히드라 + 강철심장,85.7%,14,강철심장 + 거대한 히드라,55.0%,20,거대한 히드라 + 갈라진 하늘,50.0%,16,강철심장 + 거대한 히드라,55.0%,20,거대한 히드라 + 갈라진 하늘,50.0%,16,거대한 히드라 + 강철심장,85.7%,14
갱플랭크,49.2%,1118,삼위일체 + 불멸의 철갑궁,80.0%,10,삼위일체 + 독사의 송곳니,66.7%,15,무한의 대검 + 삼위일체,63.0%,27,삼위일체 + 징수의 총,49.1%,387,삼위일체 + 무한의 대검,51.6%,95,징수의 총 + 삼위일체,43.1%,58
트리스타나,49.2%,1156,징수의 총 + 무한의 대검,65.6%,32,나보리 명멸검 + 윤 탈 야생화살,63.6%,11,도미닉 경의 인사 + 무한의 대검,62.5%,16,윤 탈 야생화살 + 나보리 명멸검,43.9%,319,윤 탈 야생화살 + 무한의 대검,45.0%,140,크라켄 학살자 + 나보리 명멸검,50.0%,56
미스 포츈,49.0%,1839,어둠불꽃 횃불 + 그림자불꽃,66.7%,21,윤 탈 야생화살 + 무한의 대검,63.6%,11,세릴다의 원한 + 징수의 총,60.0%,10,징수의 총 + 원칙의 원형낫,49.0%,259,징수의 총 + 무라마나,42.3%,227,어둠불꽃 횃불 + 리안드리의 고통,58.7%,201
아트록스,49.0%,1097,오만 + 쇼진의 창,70.0%,10,월식 + 불경한 히드라,69.2%,13,불경한 히드라 + 갈라진 하늘,66.7%,12,월식 + 갈라진 하늘,52.1%,240,갈라진 하늘 + 쇼진의 창,44.4%,117,갈라진 하늘 + 월식,46.3%,108
리 신,48.9%,1751,갈라진 하늘 + 맬모셔스의 아귀,66.7%,15,월식 + 칠흑의 양날 도끼,64.5%,31,스테락의 도전 + 갈라진 하늘,61.5%,13,월식 + 갈라진 하늘,48.1%,522,갈라진 하늘 + 월식,52.6%,213,오만 + 월식,52.1%,71
암베사,48.9%,801,월식 + 맬모셔스의 아귀,80.0%,10,월식 + 칠흑의 양날 도끼,67.6%,34,쇼진의 창 + 월식,66.7%,21,월식 + 쇼진의 창,49.1%,316,월식 + 갈라진 하늘,46.4%,69,월식 + 칠흑의 양날 도끼,67.6%,34
다리우스,48.9%,681,갈라진 하늘 + 죽음의 무도,75.0%,12,갈라진 하늘 + 발걸음 분쇄기,68.4%,19,갈라진 하늘 + 스테락의 도전,66.7%,12,삼위일체 + 갈라진 하늘,53.2%,111,발걸음 분쇄기 + 망자의 갑옷,36.1%,36,삼위일체 + 스테락의 도전,48.6%,35
아우렐리온 솔,48.9%,988,대천사의 포옹 + 어둠불꽃 횃불,80.0%,10,어둠불꽃 횃불 + 핏빛 저주,80.0%,10,대천사의 포옹 + 리안드리의 고통,57.1%,21,라일라이의 수정홀 + 대천사의 포옹,45.8%,155,어둠불꽃 횃불 + 라일라이의 수정홀,44.4%,81,대천사의 포옹 + 라일라이의 수정홀,43.8%,80
요릭,48.8%,162,갈라진 하늘 + 정령의 형상,70.0%,10,갈라진 하늘 + 삼위일체,63.6%,11,갈라진 하늘 + 얼어붙은 건틀릿,48.6%,37,갈라진 하늘 + 얼어붙은 건틀릿,48.6%,37,갈라진 하늘 + 삼위일체,63.6%,11,갈라진 하늘 + 정령의 형상,70.0%,10
카르마,48.8%,1367,월석 재생기 + 불타는 향로,83.3%,12,루덴의 메아리 + 라바돈의 죽음모자,70.0%,10,대천사의 포옹 + 악의,64.3%,14,악의 + 루덴의 메아리,47.5%,255,악의 + 그림자불꽃,48.9%,139,악의 + 폭풍 쇄도,42.5%,87
가렌,48.7%,626,강철심장 + 발걸음 분쇄기,63.6%,11,강철심장 + 워모그의 갑옷,60.0%,10,발걸음 분쇄기 + 칠흑의 양날 도끼,59.6%,57,발걸음 분쇄기 + 유령 무희,45.7%,140,발걸음 분쇄기 + 칠흑의 양날 도끼,59.6%,57,유령 무희 + 발걸음 분쇄기,58.7%,46
카직스,48.7%,891,오만 + 세릴다의 원한,75.0%,12,오만 + 요우무의 유령검,56.2%,16,요우무의 유령검 + 무라마나,52.6%,19,오만 + 무라마나,46.5%,260,무라마나 + 오만,45.1%,82,징수의 총 + 무라마나,50.0%,74
요네,48.6%,1390,몰락한 왕의 검 + 크라켄 학살자,90.0%,10,몰락한 왕의 검 + 발걸음 분쇄기,64.3%,14,불멸의 철갑궁 + 무한의 대검,57.9%,19,몰락한 왕의 검 + 불멸의 철갑궁,49.1%,495,몰락한 왕의 검 + 무한의 대검,50.8%,120,윤 탈 야생화살 + 무한의 대검,37.7%,61
조이,48.5%,1193,폭풍 쇄도 + 루덴의 메아리,62.5%,24,루덴의 메아리 + 지평선의 초점,59.6%,146,루덴의 메아리 + 리치베인,54.2%,24,루덴의 메아리 + 폭풍 쇄도,47.6%,357,루덴의 메아리 + 그림자불꽃,47.3%,241,루덴의 메아리 + 지평선의 초점,59.6%,146
스웨인,48.5%,1002,종말의 겨울 + 라일라이의 수정홀,70.6%,17,라일라이의 수정홀 + 영겁의 지팡이,63.6%,11,영겁의 지팡이 + 악의,58.8%,17,영겁의 지팡이 + 라일라이의 수정홀,47.9%,217,악의 + 라일라이의 수정홀,46.4%,69,영겁의 지팡이 + 균열 생성기,48.8%,43
유미,48.3%,976,월석 재생기 + 대천사의 포옹,70.6%,17,루덴의 메아리 + 미카엘의 축복,64.7%,17,구원 + 월석 재생기,62.1%,29,루덴의 메아리 + 지평선의 초점,46.4%,183,월석 재생기 + 미카엘의 축복,50.7%,71,루덴의 메아리 + 그림자불꽃,50.0%,62
나피리,48.2%,471,월식 + 불경한 히드라,60.0%,10,오만 + 쇼진의 창,60.0%,10,불경한 히드라 + 월식,53.8%,13,오만 + 월식,50.6%,154,월식 + 칠흑의 양날 도끼,38.1%,21,월식 + 쇼진의 창,47.4%,19
신드라,48.0%,996,라바돈의 죽음모자 + 루덴의 메아리,91.7%,12,존야의 모래시계 + 폭풍 쇄도,70.0%,10,폭풍 쇄도 + 루덴의 메아리,68.8%,16,루덴의 메아리 + 폭풍 쇄도,41.6%,243,루덴의 메아리 + 그림자불꽃,47.6%,206,루덴의 메아리 + 라바돈의 죽음모자,47.3%,55
타릭,48.0%,252,종말의 겨울 + 끝없는 절망,54.8%,31,종말의 겨울 + 강철심장,43.5%,23,강철심장 + 종말의 겨울,42.9%,70,강철심장 + 종말의 겨울,42.9%,70,종말의 겨울 + 끝없는 절망,54.8%,31,종말의 겨울 + 강철심장,43.5%,23
아리,47.9%,1544,어둠불꽃 횃불 + 우주의 추진력,66.7%,12,영겁의 지팡이 + 존야의 모래시계,63.6%,11,그림자불꽃 + 라바돈의 죽음모자,60.0%,10,악의 + 그림자불꽃,52.5%,177,루덴의 메아리 + 폭풍 쇄도,41.5%,159,악의 + 폭풍 쇄도,47.0%,132
녹턴,47.9%,290,발걸음 분쇄기 + 실험적 마공학판,69.2%,13,징수의 총 + 원칙의 원형낫,57.1%,14,실험적 마공학판 + 발걸음 분쇄기,47.1%,17,오만 + 원칙의 원형낫,44.4%,27,징수의 총 + 무라마나,36.8%,19,실험적 마공학판 + 발걸음 분쇄기,47.1%,17
그레이브즈,47.8%,1120,징수의 총 + 도미닉 경의 인사,60.5%,38,원칙의 원형낫 + 징수의 총,60.0%,10,징수의 총 + 오만,58.3%,12,징수의 총 + 무한의 대검,44.9%,294,오만 + 징수의 총,50.8%,132,징수의 총 + 피바라기,54.4%,68
제리,47.8%,1100,악의 + 폭풍 쇄도,63.6%,11,무한의 대검 + 스태틱의 단검,63.6%,11,헤르메스의 시미터 + 루난의 허리케인,60.0%,10,윤 탈 야생화살 + 루난의 허리케인,49.4%,324,스태틱의 단검 + 루난의 허리케인,50.0%,180,윤 탈 야생화살 + 무한의 대검,53.6%,56
티모,47.8%,966,그림자불꽃 + 리안드리의 고통,63.6%,11,악의 + 라바돈의 죽음모자,60.7%,28,악의 + 그림자불꽃,55.7%,61,악의 + 리안드리의 고통,47.1%,401,리안드리의 고통 + 악의,47.1%,85,악의 + 그림자불꽃,55.7%,61
스몰더,47.8%,1510,쇼진의 창 + 삼위일체,66.7%,18,무한의 대검 + 고속 연사포,63.6%,11,정수 약탈자 + 피바라기,63.6%,11,삼위일체 + 무라마나,46.0%,428,무라마나 + 삼위일체,48.1%,162,정수 약탈자 + 쇼진의 창,47.1%,140
퀸,47.7%,520,윤 탈 야생화살 + 징수의 총,76.9%,13,무한의 대검 + 징수의 총,60.0%,10,스태틱의 단검 + 몰락한 왕의 검,58.3%,12,스태틱의 단검 + 징수의 총,39.5%,76,징수의 총 + 무한의 대검,50.0%,60,징수의 총 + 벼락폭풍검,42.9%,28
제드,47.2%,1532,세릴다의 원한 + 월식,80.0%,10,월식 + 원칙의 원형낫,61.9%,42,오만 + 벼락폭풍검,56.5%,23,오만 + 원칙의 원형낫,48.7%,308,오만 + 월식,48.2%,222,월식 + 칠흑의 양날 도끼,44.4%,63
루시안,47.1%,1881,정수 약탈자 + 고속 연사포,76.9%,13,도미닉 경의 인사 + 정수 약탈자,75.0%,12,크라켄 학살자 + 징수의 총,63.6%,11,정수 약탈자 + 나보리 명멸검,46.8%,485,정수 약탈자 + 무한의 대검,46.1%,165,징수의 총 + 무한의 대검,43.7%,135
케인,47.1%,473,갈라진 하늘 + 칠흑의 양날 도끼,63.6%,11,갈라진 하늘 + 죽음의 무도,63.6%,11,월식 + 쇼진의 창,54.5%,11,월식 + 칠흑의 양날 도끼,43.1%,65,오만 + 무라마나,43.2%,44,월식 + 갈라진 하늘,45.0%,20
아지르,47.0%,1071,존야의 모래시계 + 내셔의 이빨,71.4%,14,리안드리의 고통 + 존야의 모래시계,70.0%,10,존야의 모래시계 + 라일라이의 수정홀,70.0%,10,내셔의 이빨 + 리안드리의 고통,48.2%,326,내셔의 이빨 + 존야의 모래시계,52.2%,90,내셔의 이빨 + 라일라이의 수정홀,34.8%,66
카사딘,46.7%,424,대천사의 포옹 + 존야의 모래시계,61.5%,13,대천사의 포옹 + 영겁의 지팡이,57.4%,54,존야의 모래시계 + 대천사의 포옹,50.0%,18,영겁의 지팡이 + 대천사의 포옹,49.6%,133,대천사의 포옹 + 영겁의 지팡이,57.4%,54,악의 + 대천사의 포옹,39.3%,28
말파이트,46.5%,1371,종말의 겨울 + 강철심장,73.3%,15,끝없는 절망 + 종말의 겨울,72.7%,11,악의 + 공허의 지팡이,64.7%,17,악의 + 폭풍 쇄도,47.0%,362,악의 + 그림자불꽃,35.6%,146,악의 + 라바돈의 죽음모자,37.0%,46
마스터 이,46.4%,625,몰락한 왕의 검 + 실험적 마공학판,60.0%,10,몰락한 왕의 검 + 구인수의 격노검,58.2%,122,몰락한 왕의 검 + 마법사의 최후,56.7%,30,몰락한 왕의 검 + 구인수의 격노검,58.2%,122,징수의 총 + 무한의 대검,37.5%,40,징수의 총 + 몰락한 왕의 검,32.3%,31
니코,46.2%,1153,존야의 모래시계 + 루덴의 메아리,66.7%,15,그림자불꽃 + 마법공학 로켓 벨트,61.5%,13,존야의 모래시계 + 그림자불꽃,61.1%,18,마법공학 로켓 벨트 + 존야의 모래시계,48.1%,162,마법공학 로켓 벨트 + 악의,41.8%,158,악의 + 마법공학 로켓 벨트,44.2%,156
레넥톤,46.1%,529,갈라진 하늘 + 칠흑의 양날 도끼,66.7%,15,갈라진 하늘 + 쇼진의 창,60.0%,20,월식 + 쇼진의 창,53.3%,15,월식 + 갈라진 하늘,40.5%,126,갈라진 하늘 + 월식,50.0%,60,갈라진 하늘 + 스테락의 도전,48.4%,31
렝가,46.0%,439,월식 + 갈라진 하늘,60.0%,10,갈라진 하늘 + 월식,60.0%,10,강철심장 + 끝없는 절망,50.0%,24,오만 + 징수의 총,41.4%,29,오만 + 불경한 히드라,27.6%,29,강철심장 + 끝없는 절망,50.0%,24
바이,45.9%,676,갈라진 하늘 + 죽음의 무도,64.5%,31,갈라진 하늘 + 칠흑의 양날 도끼,63.9%,36,갈라진 하늘 + 스테락의 도전,50.0%,12,갈라진 하늘 + 월식,44.4%,178,월식 + 갈라진 하늘,43.1%,58,갈라진 하늘 + 칠흑의 양날 도끼,63.9%,36
에코,45.8%,727,리치베인 + 그림자불꽃,70.6%,17,존야의 모래시계 + 마법공학 로켓 벨트,65.1%,43,리치베인 + 폭풍 쇄도,65.0%,20,마법공학 로켓 벨트 + 리치베인,51.2%,121,마법공학 로켓 벨트 + 존야의 모래시계,35.2%,88,리치베인 + 마법공학 로켓 벨트,40.3%,72
카이사,45.6%,2004,존야의 모래시계 + 크라켄 학살자,66.7%,12,내셔의 이빨 + 크라켄 학살자,64.3%,14,스태틱의 단검 + 존야의 모래시계,60.0%,20,크라켄 학살자 + 구인수의 격노검,45.2%,345,루덴의 메아리 + 지평선의 초점,47.0%,166,스태틱의 단검 + 구인수의 격노검,43.2%,146
벨베스,45.5%,310,강철심장 + 몰락한 왕의 검,53.3%,15,몰락한 왕의 검 + 크라켄 학살자,52.0%,25,크라켄 학살자 + 몰락한 왕의 검,49.2%,65,크라켄 학살자 + 몰락한 왕의 검,49.2%,65,몰락한 왕의 검 + 크라켄 학살자,52.0%,25,강철심장 + 몰락한 왕의 검,53.3%,15
키아나,45.2%,644,불경한 히드라 + 오만,64.3%,14,불경한 히드라 + 원칙의 원형낫,53.3%,15,원칙의 원형낫 + 불경한 히드라,53.3%,15,오만 + 원칙의 원형낫,41.2%,136,오만 + 무라마나,40.0%,60,오만 + 불경한 히드라,45.5%,44
피즈,45.0%,744,존야의 모래시계 + 그림자불꽃,76.9%,13,폭풍 쇄도 + 존야의 모래시계,64.7%,17,리치베인 + 존야의 모래시계,61.9%,21,강철심장 + 끝없는 절망,39.7%,116,루덴의 메아리 + 리치베인,36.7%,60,루덴의 메아리 + 존야의 모래시계,46.2%,39
이블린,44.9%,167,루덴의 메아리 + 폭풍 쇄도,45.5%,11,폭풍 쇄도 + 그림자불꽃,45.0%,20,리치베인 + 그림자불꽃,40.0%,10,폭풍 쇄도 + 리치베인,31.4%,35,폭풍 쇄도 + 그림자불꽃,45.0%,20,루덴의 메아리 + 폭풍 쇄도,45.5%,11
유나라,44.8%,669,몰락한 왕의 검 + 루난의 허리케인,56.4%,39,윤 탈 야생화살 + 무한의 대검,52.6%,38,무한의 대검 + 크라켄 학살자,50.0%,14,윤 탈 야생화살 + 루난의 허리케인,39.7%,189,크라켄 학살자 + 루난의 허리케인,45.9%,98,몰락한 왕의 검 + 루난의 허리케인,56.4%,39
질리언,44.7%,835,루덴의 메아리 + 지평선의 초점,68.2%,22,루덴의 메아리 + 라바돈의 죽음모자,65.0%,20,대천사의 포옹 + 악의,60.0%,25,루덴의 메아리 + 폭풍 쇄도,36.9%,111,대천사의 포옹 + 우주의 추진력,47.6%,42,루덴의 메아리 + 그림자불꽃,34.1%,41
바드,44.6%,697,리치베인 + 루덴의 메아리,72.7%,11,루덴의 메아리 + 라바돈의 죽음모자,58.3%,12,루덴의 메아리 + 내셔의 이빨,55.0%,20,루덴의 메아리 + 리치베인,44.9%,136,루덴의 메아리 + 고속 연사포,36.1%,108,스태틱의 단검 + 고속 연사포,48.4%,31
르블랑,44.6%,1336,폭풍 쇄도 + 루덴의 메아리,72.2%,18,루덴의 메아리 + 지평선의 초점,60.0%,10,그림자불꽃 + 라바돈의 죽음모자,60.0%,10,루덴의 메아리 + 폭풍 쇄도,47.2%,373,루덴의 메아리 + 그림자불꽃,42.3%,272,루덴의 메아리 + 라바돈의 죽음모자,55.7%,79
드레이븐,44.3%,724,오만 + 피바라기,90.0%,10,피바라기 + 무한의 대검,64.9%,37,정수 약탈자 + 무한의 대검,60.0%,10,징수의 총 + 무한의 대검,38.9%,162,징수의 총 + 피바라기,40.6%,106,피바라기 + 징수의 총,48.2%,56
파이크,43.4%,1479,불경한 히드라 + 요우무의 유령검,63.6%,22,오만 + 기회,60.0%,10,원칙의 원형낫 + 요우무의 유령검,55.4%,65,오만 + 원칙의 원형낫,43.9%,319,오만 + 요우무의 유령검,46.4%,97,요우무의 유령검 + 원칙의 원형낫,46.5%,86
아칼리,42.9%,1069,강철심장 + 워모그의 갑옷,68.4%,19,균열 생성기 + 리안드리의 고통,66.7%,15,리치베인 + 그림자불꽃,55.6%,18,강철심장 + 균열 생성기,45.4%,130,폭풍 쇄도 + 그림자불꽃,43.3%,97,마법공학 로켓 벨트 + 존야의 모래시계,45.9%,74
누누와 윌럼프,42.9%,546,마법공학 로켓 벨트 + 폭풍 쇄도,50.0%,20,루덴의 메아리 + 그림자불꽃,42.3%,26,루덴의 메아리 + 폭풍 쇄도,41.4%,128,루덴의 메아리 + 폭풍 쇄도,41.4%,128,폭풍 쇄도 + 그림자불꽃,37.1%,35,루덴의 메아리 + 그림자불꽃,42.3%,26
카타리나,41.5%,919,크라켄 학살자 + 몰락한 왕의 검,63.6%,11,그림자불꽃 + 존야의 모래시계,57.1%,14,거대한 히드라 + 강철심장,53.3%,60,강철심장 + 거대한 히드라,52.4%,103,거대한 히드라 + 강철심장,53.3%,60,리치베인 + 그림자불꽃,36.7%,60

